date,Category,net_worth,Assets,Real estate,Consumer durables,Corporate equities and mutual fund shares,Pension entitlements,Private businesses,Other assets,Liabilities,Home mortgages,Consumer credit,Other liabilities
1989:Q3,Top1,4812970,4930857,602000,358289,875850,411971,1331052,1351694,117887,72321,24865,20701
1989:Q3,Next9,7606896,8107993,2059014,421923,812184,1803773,1030331,1980768,501096,391379,56622,53095
1989:Q3,Next40,7251276,8822500,3420651,757433,341047,2072942,567721,1662707,1571224,1170705,364820,35699
1989:Q3,Bottom50,760013,1702381,810287,358705,22213,197088,48115,265974,942368,576286,337901,28181
1989:Q4,Top1,4930413,5051027,642303,359915,899897,430318,1337667,1380928,120615,74428,23050,23137
1989:Q4,Next9,7735208,8249166,2088436,420801,831750,1841310,1051049,2015821,513958,402244,59938,51776
1989:Q4,Next40,7414542,9010253,3466633,774888,358002,2142451,566712,1701567,1595711,1189719,371117,34875
1989:Q4,Bottom50,735623,1712072,796945,370171,23902,200042,49090,271922,976449,593724,355180,27545
1990:Q1,Top1,4922624,5048000,670353,351609,837372,435669,1351146,1401851,125377,77697,23050,24630
1990:Q1,Next9,7745037,8282386,2091459,434292,785755,1879186,1054290,2037404,537349,423966,59845,53538
1990:Q1,Next40,7526586,9135430,3511594,798051,347369,2180265,569003,1729148,1608843,1215557,357143,36143
1990:Q1,Bottom50,759617,1757112,824727,383177,24087,198080,49010,278031,997496,617692,352283,27521
1990:Q2,Top1,5022638,5151057,700429,352836,876391,453387,1360153,1407862,128419,80560,21777,26082
1990:Q2,Next9,7813506,8372312,2104702,432236,806786,1924416,1052775,2051397,558806,444216,61716,52874
1990:Q2,Next40,7603094,9229770,3520686,813653,354911,2219463,570779,1750278,1626676,1235744,355028,35904
1990:Q2,Bottom50,743811,1765732,811051,393786,26006,202565,48354,283970,1021922,634892,360192,26838
1990:Q3,Top1,4889517,5020572,712095,339231,699934,448309,1369554,1451449,131055,82840,20361,27854
1990:Q3,Next9,7762265,8331786,2094608,445535,679142,1967195,1064117,2081189,569522,457427,64146,47949
1990:Q3,Next40,7609035,9252615,3518583,830790,314511,2242841,568201,1777690,1643581,1254659,355851,33071
1990:Q3,Bottom50,770133,1819162,860952,400690,24077,193118,49119,291206,1049028,651811,371944,25273
1990:Q4,Top1,5038710,5172320,724573,331620,794514,463392,1363047,1495174,133610,84452,19334,29824
1990:Q4,Next9,7900917,8478688,2069281,453970,752953,1989867,1090268,2122349,577771,461717,66369,49685
1990:Q4,Next40,7735927,9398076,3503400,844939,355401,2318119,557339,1818879,1662149,1273095,355235,33819
1990:Q4,Bottom50,776417,1855046,873874,408591,27228,198681,52318,294353,1078629,669991,383453,25185
1991:Q1,Top1,5231159,5368844,748581,330899,934180,490395,1361286,1503503,137685,86058,19763,31864
1991:Q1,Next9,8052299,8635044,2083997,455108,861338,1988807,1104559,2141234,582745,466927,65727,50091
1991:Q1,Next40,7920747,9583902,3498179,861480,413499,2406913,552648,1851183,1663155,1289987,338745,34423
1991:Q1,Bottom50,804829,1894021,882091,420342,31223,209943,54690,295732,1089192,686180,377971,25041
1991:Q2,Top1,5241100,5381618,766894,323239,925707,520570,1353347,1491862,140518,88903,18859,32756
1991:Q2,Next9,8034148,8636859,2086653,459480,851741,2009891,1101804,2127290,602711,486565,66981,49165
1991:Q2,Next40,7953353,9630855,3491404,874252,414560,2449707,550611,1850321,1677502,1310625,333037,33840
1991:Q2,Bottom50,822667,1933159,906263,426736,32492,214065,54477,299127,1110492,704020,382429,24043
1991:Q3,Top1,5342251,5483297,778769,309598,1001814,557947,1351439,1483730,141046,90851,17006,33189
1991:Q3,Next9,8043293,8672080,2067553,473499,903208,2024326,1077688,2125807,628787,505544,68714,54529
1991:Q3,Next40,8065655,9748102,3489752,887589,441004,2509873,554514,1865370,1682447,1315459,329709,37279
1991:Q3,Bottom50,880574,1994083,947602,432757,35375,222647,53413,302289,1113509,702114,387072,24323
1991:Q4,Top1,5596058,5738729,795663,302070,1209639,578540,1352843,1499974,142671,93653,15033,33985
1991:Q4,Next9,8206565,8866484,2085672,478094,1050311,2045599,1058149,2148659,659919,527847,71344,60728
1991:Q4,Next40,8212073,9916018,3478640,898477,509388,2593678,559729,1876106,1703945,1331964,330953,41028
1991:Q4,Bottom50,918098,2055221,989138,438748,40589,230022,53109,303615,1137123,713891,398250,24982
1992:Q1,Top1,5581923,5728314,833909,297019,1174607,569047,1360960,1492772,146391,96657,13712,36022
1992:Q1,Next9,8205778,8894851,2108310,476406,1026294,2113985,1057363,2112492,689073,560145,71319,57609
1992:Q1,Next40,8308392,10005447,3516033,912296,509893,2647236,558047,1861942,1697055,1339303,317322,40430
1992:Q1,Bottom50,932493,2058983,987375,446374,41552,224745,53936,305001,1126490,711616,391000,23874
1992:Q2,Top1,5576607,5724468,862297,290359,1176685,578294,1348181,1468652,147861,99112,11549,37200
1992:Q2,Next9,8213332,8932551,2104172,478722,1022261,2181821,1052835,2092741,719219,585231,73113,60875
1992:Q2,Next40,8387578,10089596,3529024,928251,513232,2703375,552786,1862928,1702018,1346116,312944,42958
1992:Q2,Bottom50,942230,2071130,983041,455747,43230,225345,54297,309469,1128900,710237,394726,23937
1992:Q3,Top1,5651856,5802229,872814,271774,1236480,590590,1358611,1471960,150373,101678,9982,38713
1992:Q3,Next9,8307719,9046038,2103430,496670,1061420,2244787,1046367,2093364,738319,602527,75417,60375
1992:Q3,Next40,8505245,10224994,3532901,942062,536860,2777775,553605,1881791,1719748,1365215,311723,42810
1992:Q3,Bottom50,1003662,2157551,1054843,461037,45947,227423,54724,313577,1153889,725907,404811,23171
1992:Q4,Top1,5904186,6059024,872535,278738,1439610,569905,1378734,1519503,154838,105784,10050,39004
1992:Q4,Next9,8470663,9210043,2105158,496867,1179662,2341973,1012171,2074212,739380,606493,76022,56865
1992:Q4,Next40,8694380,10429685,3586281,945775,583690,2864071,563152,1886716,1735305,1373336,318831,43138
1992:Q4,Bottom50,998742,2200409,1079008,471874,49746,230285,53465,316031,1201668,754740,419866,27062
1993:Q1,Top1,6126274,6285716,888918,303068,1520702,593016,1412701,1567311,159442,108865,11805,38772
1993:Q1,Next9,8521135,9257239,2125899,470869,1211085,2384396,1016303,2048688,736105,604877,73222,58006
1993:Q1,Next40,8781074,10505161,3619340,947495,593949,2925707,558683,1859987,1724087,1369871,308048,46168
1993:Q1,Bottom50,954364,2171028,1019898,484968,51479,241813,55462,317408,1216664,770575,414186,31903
1993:Q2,Top1,6231652,6396509,881941,307008,1566896,590481,1450845,1599338,164857,113155,12780,38922
1993:Q2,Next9,8550513,9285647,2131737,475948,1223905,2437477,1002826,2013753,735134,608344,72695,54095
1993:Q2,Next40,8880539,10618069,3663526,955847,600877,2980679,565274,1851866,1737530,1381951,309565,46014
1993:Q2,Bottom50,974591,2238208,1066700,497449,52610,246109,55119,320221,1263617,804378,423623,35616
1993:Q3,Top1,6395951,6564903,872390,309112,1669129,591079,1484544,1638649,168952,117058,13549,38345
1993:Q3,Next9,8637743,9372323,2130419,484165,1270644,2495933,1002444,1988719,734580,604519,73112,56949
1993:Q3,Next40,8986046,10746333,3708982,963625,617768,3038314,565460,1852184,1760287,1394774,316286,49227
1993:Q3,Bottom50,994231,2316327,1120342,508977,54714,252265,55971,324059,1322097,841665,439721,40711
1993:Q4,Top1,6592545,6764031,873461,318127,1772161,576834,1521591,1701857,171486,120934,12716,37836
1993:Q4,Next9,8738676,9476860,2143366,484358,1321706,2551414,1005185,1970830,738183,605015,75396,57772
1993:Q4,Next40,9115566,10901994,3760782,975092,639256,3091856,564972,1870035,1786428,1402340,332476,51612
1993:Q4,Bottom50,983792,2365576,1143915,524500,56829,255788,57375,327169,1381784,870888,465581,45315
1994:Q1,Top1,6704622,6881903,884242,333893,1701104,568027,1575966,1818670,177281,124234,14564,38483
1994:Q1,Next9,8774708,9500549,2167818,470662,1253902,2611746,1012634,1983787,725841,597666,73644,54531
1994:Q1,Next40,9145443,10932791,3806828,983108,612660,3122502,563350,1844342,1787348,1407537,327617,52194
1994:Q1,Bottom50,947099,2364879,1125127,538373,55984,255949,58620,330827,1417780,900032,468051,49697
1994:Q2,Top1,6845724,7027157,886754,342137,1690099,586425,1637284,1884459,181433,128391,14010,39032
1994:Q2,Next9,8750480,9479439,2176306,470896,1212350,2665032,1007022,1947832,728958,602233,75182,51543
1994:Q2,Next40,9195855,11004712,3864202,993932,585785,3143065,568030,1849698,1808857,1415576,339962,53319
1994:Q2,Bottom50,939131,2411178,1142906,552583,56185,263863,57532,338109,1472048,928422,489426,54200
1994:Q3,Top1,6993113,7178310,878265,344915,1748021,593908,1667893,1945308,185197,132521,13239,39437
1994:Q3,Next9,8820875,9550050,2165584,480778,1223196,2729687,1015621,1935184,729175,605125,77204,46846
1994:Q3,Next40,9286245,11119255,3915655,1005031,584089,3189637,562001,1862841,1833010,1424643,355128,53239
1994:Q3,Bottom50,956508,2487796,1188033,565775,57572,272678,58764,344973,1531288,958760,514382,58146
1994:Q4,Top1,7171045,7357949,878189,350584,1754349,579795,1720819,2074213,186904,136690,11094,39120
1994:Q4,Next9,8831990,9572751,2151880,483167,1196254,2788657,1015085,1937708,740761,610333,80907,49521
1994:Q4,Next40,9323701,11193132,3976092,1013332,565236,3197300,562125,1879046,1869431,1432489,379523,57419
1994:Q4,Bottom50,921606,2521359,1199898,577080,58071,274508,58614,353189,1599754,986428,549644,63682
1995:Q1,Top1,7434424,7626797,870680,360380,1899816,614106,1770334,2111481,192373,140012,12414,39947
1995:Q1,Next9,8946188,9674218,2152890,484562,1258952,2835703,1012352,1929759,728030,605364,79678,42988
1995:Q1,Next40,9438417,11307687,4004703,1023954,579882,3255634,560984,1882530,1869270,1435067,377400,56803
1995:Q1,Bottom50,953241,2587407,1223798,591803,61000,292028,58968,359810,1634165,1011482,555054,67629
1995:Q2,Top1,7622492,7819383,837654,359229,2044965,626845,1808040,2142650,196891,143920,12371,40600
1995:Q2,Next9,9090104,9811573,2156706,498063,1332417,2902971,1004135,1917282,721469,600305,81242,39922
1995:Q2,Next40,9548904,11443732,3997875,1028044,606501,3336938,565165,1909209,1894827,1446030,390620,58177
1995:Q2,Bottom50,1025787,2725291,1332894,598984,63867,305836,58927,364782,1699504,1048047,578893,72564
1995:Q3,Top1,7877052,8076755,817116,361857,2216953,639455,1853064,2188309,199703,148246,11338,40119
1995:Q3,Next9,9256194,9986870,2170335,505276,1426623,2969095,1004000,1911540,730676,603855,83546,43275
1995:Q3,Next40,9678437,11606332,4011238,1031425,643405,3428245,570999,1921019,1927894,1456972,407923,62999
1995:Q3,Bottom50,1065361,2831272,1414447,606430,67172,319118,59179,364925,1765911,1080698,606792,78421
1995:Q4,Top1,8107577,8313725,830877,360516,2365809,667583,1863557,2225383,206148,150493,10190,45465
1995:Q4,Next9,9505455,10245219,2201645,513900,1548096,3010668,1021987,1948923,739764,606722,91037,42005
1995:Q4,Next40,9873828,11856234,4040507,1046087,707310,3508568,585291,1968471,1982407,1485319,431315,65773
1995:Q4,Bottom50,1064013,2851905,1416448,608751,71023,326805,62629,366249,1787891,1077391,635618,74882
1996:Q1,Top1,8236202,8449096,850161,361679,2433012,683252,1870787,2250205,212894,153710,13102,46082
1996:Q1,Next9,9708029,10472151,2248224,521219,1623860,3057206,1023606,1998037,764123,615466,93004,55653
1996:Q1,Next40,10091961,12111144,4078500,1064991,759111,3590312,610212,2008018,2019182,1523932,425105,70145
1996:Q1,Bottom50,1079625,2865920,1415665,614533,73529,331931,64165,366096,1786295,1085198,630996,70101
1996:Q2,Top1,8327696,8548534,869751,355572,2500720,697080,1861027,2264385,220839,157017,12901,50921
1996:Q2,Next9,9848587,10637492,2261225,534127,1692527,3100166,1029017,2020429,788905,632836,98496,57573
1996:Q2,Next40,10264726,12335483,4146085,1076148,803192,3651867,623381,2034810,2070757,1558283,437950,74524
1996:Q2,Bottom50,1076320,2873742,1415557,612983,76046,336098,67280,365777,1797422,1083525,647231,66666
1996:Q3,Top1,8363688,8592093,889484,351814,2482537,719172,1879710,2269376,228405,160478,12736,55191
1996:Q3,Next9,9896020,10710650,2285053,545873,1706892,3143160,997786,2031886,814629,651983,103893,58753
1996:Q3,Next40,10461439,12582509,4204922,1092293,827738,3715892,657092,2084572,2121070,1593658,450320,77092
1996:Q3,Bottom50,1074723,2882432,1414714,615239,77076,340462,66531,368411,1807709,1082719,662898,62092
1996:Q4,Top1,8614673,8848007,916138,357062,2578232,778526,1899839,2318211,233335,163533,12277,57525
1996:Q4,Next9,10117281,10955084,2332398,546143,1791089,3188274,1026082,2071097,837802,664564,110123,63115
1996:Q4,Next40,10669454,12841748,4249424,1105946,876059,3817951,664542,2127826,2172294,1627354,467248,77692
1996:Q4,Bottom50,1060301,2883424,1385958,618842,80083,357054,71984,369502,1823122,1082681,684230,56211
1997:Q1,Top1,8560282,8803625,932890,357452,2575814,789777,1889528,2258163,243343,166427,14907,62009
1997:Q1,Next9,10357067,11215720,2370855,552783,1812759,3222065,1194716,2062542,858653,678851,110903,68899
1997:Q1,Next40,10726604,12925051,4280827,1123698,901440,3863853,637026,2118206,2198447,1657574,455906,84967
1997:Q1,Bottom50,1095261,2898692,1381449,623167,81358,359661,84104,368953,1803431,1077620,672459,53352
1997:Q2,Top1,9025626,9275741,948392,354359,2991655,836752,1915746,2228836,250114,169625,15335,65154
1997:Q2,Next9,10752083,11639082,2400732,565529,2090364,3339798,1149194,2093465,886999,694664,115386,76949
1997:Q2,Next40,11080934,13327819,4335812,1127712,1013034,4001973,681723,2167564,2246885,1691144,463978,91763
1997:Q2,Bottom50,1136649,2946327,1401503,619440,89966,383944,80888,370586,1809678,1076491,683339,49848
1997:Q3,Top1,9308749,9563768,955411,349853,3222223,875820,1925441,2235020,255019,174050,15820,65149
1997:Q3,Next9,11123157,12050026,2441247,579995,2258326,3440018,1196074,2134366,926869,719551,120097,87221
1997:Q3,Next40,11332257,13633996,4364077,1140346,1090284,4125922,695647,2217720,2301739,1736439,473550,91750
1997:Q3,Bottom50,1183343,3010095,1441084,619867,95298,397208,84425,372214,1826752,1086966,696338,43448
1997:Q4,Top1,9444836,9707004,987493,356418,3271112,875398,1946412,2270171,262168,176959,14639,70570
1997:Q4,Next9,11381414,12339648,2510044,578136,2314401,3468540,1304169,2164358,958234,740891,126191,91152
1997:Q4,Next40,11494718,13845856,4418367,1157864,1129792,4164737,693164,2281932,2351138,1762102,488875,100161
1997:Q4,Bottom50,1177362,3006708,1416390,625609,97571,398989,91945,376204,1829346,1074286,714460,40600
1998:Q1,Top1,9996872,10267652,1010743,356249,3744231,910724,1962549,2283156,270780,180483,16712,73585
1998:Q1,Next9,12047162,13038090,2567781,590200,2631934,3617355,1400631,2230188,990929,765602,126936,98391
1998:Q1,Next40,11863402,14242285,4490171,1167339,1257218,4325216,697304,2305037,2378883,1794357,477945,106581
1998:Q1,Bottom50,1261090,3069167,1442855,626348,106917,421306,97681,374061,1808077,1069048,702450,36579
1998:Q2,Top1,10183825,10461250,1057412,355003,3803120,919281,1975983,2350451,277425,184605,16578,76242
1998:Q2,Next9,12234873,13259762,2625541,599680,2692908,3684073,1367301,2290260,1024889,785675,132971,106243
1998:Q2,Next40,12133989,14576311,4626497,1183672,1297521,4393385,739141,2336095,2442322,1838085,494412,109825
1998:Q2,Bottom50,1229786,3065124,1431228,629400,109406,425290,94458,375343,1835338,1079774,723784,31780
1998:Q3,Top1,9798055,10084310,1072240,334435,3302534,909633,1989016,2476453,286255,188744,16694,80817
1998:Q3,Next9,12025567,13078262,2662196,628206,2407655,3630714,1414713,2334779,1052695,808726,138161,105808
1998:Q3,Next40,12116499,14614835,4725987,1205749,1220051,4355776,753389,2353884,2498336,1880026,506381,111929
1998:Q3,Bottom50,1265928,3119171,1508834,628381,102330,405457,97835,376333,1853243,1087343,739482,26418
1998:Q4,Top1,10419851,10711863,1128724,366316,3904552,907775,1999743,2404753,292012,194330,16463,81219
1998:Q4,Next9,12848453,13916544,2758045,614768,2855824,3862885,1446605,2378417,1068090,821049,139621,107420
1998:Q4,Next40,12693394,15261504,4839981,1212282,1409272,4583587,756790,2459593,2568110,1929199,524822,114089
1998:Q4,Bottom50,1258773,3160607,1487965,640433,114588,436546,97247,383828,1901834,1112864,760366,28604
1999:Q1,Top1,10414351,10714805,1153885,377852,3836245,914809,2014396,2417618,300454,199380,18431,82643
1999:Q1,Next9,13003861,14077270,2814786,618567,2864892,3951512,1416649,2410864,1073409,826219,137373,109817
1999:Q1,Next40,12826629,15438749,4918195,1219970,1431737,4656141,774334,2438373,2612121,1974871,525592,111658
1999:Q1,Bottom50,1297990,3224973,1539242,644918,115256,448043,92095,385420,1926983,1136206,761002,29775
1999:Q2,Top1,10777373,11083040,1198438,399468,4142964,919510,2071220,2351440,305667,205142,18963,81562
1999:Q2,Next9,13368119,14468294,2902493,614053,3113787,4083109,1356749,2398103,1100175,837704,137633,124838
1999:Q2,Next40,13112767,15795749,5020665,1234308,1540699,4768316,817867,2413893,2682982,2026243,538911,117828
1999:Q2,Bottom50,1289901,3263870,1555129,657041,122406,462883,82454,383957,1973969,1164109,776074,33786
1999:Q3,Top1,10667696,10980067,1230250,405042,3878207,938307,2156042,2372219,312371,211801,18793,81777
1999:Q3,Next9,13328258,14451051,2973591,622808,2988467,4069834,1408377,2387973,1122793,858502,138880,125411
1999:Q3,Next40,13175760,15931009,5129308,1256233,1510207,4749849,835509,2449903,2755248,2084170,557408,113670
1999:Q3,Bottom50,1308013,3335707,1622163,666649,119521,455591,79584,392200,2027695,1196752,796814,34129
1999:Q4,Top1,11578653,11891243,1281730,429691,4716131,945501,2197990,2320200,312591,217608,16662,78321
1999:Q4,Next9,14197153,15379413,3057678,618696,3575369,4311014,1441345,2375311,1182260,888890,140865,152505
1999:Q4,Next40,13860962,16689161,5251559,1265004,1736636,4940453,846990,2648519,2828200,2123951,578567,125682
1999:Q4,Bottom50,1362620,3423785,1626451,677729,135955,484438,77322,421890,2061165,1204026,817527,39612
2000:Q1,Top1,12046465,12358191,1345353,444026,4961996,957306,2253869,2395641,311726,222742,16158,72826
2000:Q1,Next9,14643549,15891751,3171180,624676,3776988,4449750,1403922,2465235,1248203,918131,139306,190766
2000:Q1,Next40,14120673,17002087,5440606,1287179,1821467,5028830,874858,2549147,2881414,2154949,581719,144746
2000:Q1,Bottom50,1427012,3491917,1674272,692047,142027,491548,70989,421034,2064905,1200909,816582,47414
2000:Q2,Top1,11821676,12141196,1420512,457888,4616629,962952,2308585,2374630,319520,229351,15036,75133
2000:Q2,Next9,14565363,15827357,3286385,627451,3596246,4488355,1380628,2448291,1261993,941712,141128,179153
2000:Q2,Next40,14240816,17191374,5654110,1312523,1770587,5027983,902288,2523883,2950558,2209849,604604,136105
2000:Q2,Bottom50,1406415,3521535,1699586,706850,137968,488110,64605,424416,2115120,1228193,841003,45924
2000:Q3,Top1,11872957,12196278,1466524,463712,4549083,955689,2367219,2394052,323321,236007,12800,74514
2000:Q3,Next9,14919792,16210001,3381959,639318,3602974,4580974,1567797,2436978,1290208,965786,144375,180047
2000:Q3,Next40,14471099,17505166,5817224,1330204,1793660,5091144,870976,2601958,3034067,2264867,635664,133536
2000:Q3,Bottom50,1452160,3627811,1783843,714950,138610,485486,73961,430962,2175651,1255151,874235,46265
2000:Q4,Top1,11506465,11840617,1548685,480951,3866997,937543,2430752,2575689,334152,241842,10836,81474
2000:Q4,Next9,14780325,16058437,3508864,632924,3198286,4562050,1629150,2527164,1278113,973874,148022,156217
2000:Q4,Next40,14571497,17679434,6022327,1357514,1662611,5063642,878336,2695004,3107937,2317442,670077,120418
2000:Q4,Bottom50,1380862,3620816,1780128,730368,127491,467697,74258,440873,2239954,1283627,912332,43995
2001:Q1,Top1,11222689,11565962,1685394,492179,3330862,875319,2494203,2688006,343273,247468,12053,83752
2001:Q1,Next9,14735031,15994416,3696934,630359,2885947,4519240,1630407,2631528,1259384,986390,146181,126813
2001:Q1,Next40,14881098,18022472,6412422,1382439,1565722,5031434,900356,2730099,3141374,2364226,675089,102059
2001:Q1,Bottom50,1346887,3604851,1788090,741756,117946,435697,72177,449185,2257964,1303276,916401,38287
2001:Q2,Top1,11507765,11860782,1734319,505966,3606117,823848,2535682,2654850,353018,255579,14126,83313
2001:Q2,Next9,15288977,16560199,3803236,632793,3134784,4680454,1631956,2676977,1271222,1000834,145894,124494
2001:Q2,Next40,15224200,18455640,6555651,1392093,1693457,5181056,920909,2712473,3231440,2443971,689449,98020
2001:Q2,Bottom50,1341939,3676812,1847694,747927,125215,437236,70256,448484,2334873,1361817,934781,38275
2001:Q3,Top1,10973804,11330906,1777624,507638,2892071,767861,2562993,2822719,357101,263899,12868,80334
2001:Q3,Next9,14914271,16277047,3898336,639110,2666839,4637443,1659475,2775843,1362776,1048833,146100,167843
2001:Q3,Next40,15139392,18471916,6701646,1411733,1515101,5138461,932672,2772303,3332524,2507489,705976,119059
2001:Q3,Bottom50,1329487,3717060,1925692,752832,110481,402436,69567,456053,2387573,1390280,949407,47886
2001:Q4,Top1,11389922,11765097,1858457,518196,3354527,723173,2589813,2720932,375175,271741,14810,88624
2001:Q4,Next9,15503864,16792860,3989870,651860,2990458,4815858,1596179,2748635,1288995,1014525,152659,121811
2001:Q4,Next40,15728842,19161113,6881642,1430383,1652046,5291722,981816,2923504,3432272,2604766,736093,91413
2001:Q4,Bottom50,1284155,3743387,1924053,763821,117590,410369,66845,460709,2459232,1433905,988265,37062
2002:Q1,Top1,11559937,11951390,1946071,525875,3395952,732028,2622861,2728603,391453,281402,16567,93484
2002:Q1,Next9,15723389,17040543,4097095,657937,2993087,4925525,1562381,2804518,1317154,1047053,153265,116836
2002:Q1,Next40,15978398,19488391,7073530,1445155,1640462,5374714,1024319,2930212,3509993,2690122,732709,87162
2002:Q1,Bottom50,1273331,3732780,1917922,769305,114838,411773,64566,454375,2459448,1443831,980976,34641
2002:Q2,Top1,11426375,11832605,2018519,529188,3039438,710659,2686110,2848692,406230,292328,17001,96901
2002:Q2,Next9,15591673,16927745,4208607,664716,2709470,4887892,1528040,2929020,1336072,1080309,157169,98594
2002:Q2,Next40,15748151,19362993,7223524,1471088,1507539,5310311,1076872,2773659,3614842,2792494,747573,74775
2002:Q2,Bottom50,1206117,3704961,1933918,777981,103586,385325,61020,443130,2498844,1473998,995901,28945
2002:Q3,Top1,10895985,11324173,2062565,520249,2409223,681509,2746673,2903955,428188,303566,19879,104743
2002:Q3,Next9,15196963,16533979,4301187,688472,2220829,4849218,1514380,2959894,1337017,1092870,160424,83723
2002:Q3,Next40,15635906,19369088,7352598,1498085,1281374,5237769,1122202,2877060,3733182,2910170,759428,63584
2002:Q3,Bottom50,1197626,3761895,2031439,783963,86051,354558,59169,446715,2564269,1527015,1011878,25376
2002:Q4,Top1,11207904,11651252,2123925,520380,2602871,662827,2805333,2935915,443347,315050,21404,106893
2002:Q4,Next9,15610781,16969642,4385507,709051,2343720,5003250,1534210,2993904,1358861,1113784,164822,80255
2002:Q4,Next40,16050421,19912986,7519484,1509979,1328633,5355691,1156786,3042413,3862564,3026547,777382,58635
2002:Q4,Bottom50,1206175,3838431,2089720,786796,87060,360848,60593,453414,2632256,1575747,1033400,23109
2003:Q1,Top1,11209606,11672976,2215355,528347,2448892,684054,2861455,2934873,463370,325739,25515,112116
2003:Q1,Next9,15771095,17153445,4495826,710466,2204432,5036063,1642158,3064500,1382351,1130559,164783,87009
2003:Q1,Next40,16120202,20084593,7714497,1521468,1255410,5389592,1160227,3043398,3964391,3134221,771256,58914
2003:Q1,Bottom50,1157514,3823421,2071956,789312,80231,360964,68929,452029,2665907,1614814,1027569,23524
2003:Q2,Top1,12035011,12510772,2298829,536594,3011348,723574,2949525,2990902,475761,339545,27805,108411
2003:Q2,Next9,16424738,17910590,4595057,723439,2580074,5210842,1632190,3168988,1485852,1171859,168060,145933
2003:Q2,Next40,16528634,20668953,7915752,1531814,1403191,5552674,1204139,3061383,4140318,3270956,783285,86077
2003:Q2,Bottom50,1117421,3874598,2085821,794247,87925,387570,68500,450535,2757177,1681140,1042780,33257
2003:Q3,Top1,12397572,12890738,2361277,534052,3247266,733669,3062997,2951478,493166,353124,28026,112016
2003:Q3,Next9,16683239,18214797,4687305,748061,2715345,5289383,1613376,3161327,1531558,1230017,172274,129267
2003:Q3,Next40,16774017,21044417,8098738,1549452,1444989,5624577,1255819,3070842,4270400,3395563,799815,75022
2003:Q3,Bottom50,1138333,3955658,2161152,799307,88196,393693,67551,445760,2817326,1729160,1059560,28606
2003:Q4,Top1,13093469,13632645,2405978,538784,3749385,761308,3162042,3015148,539176,364960,30337,143879
2003:Q4,Next9,17356732,18882985,4833087,768174,3022029,5469928,1584952,3204815,1526253,1245028,176258,104967
2003:Q4,Next40,17242609,21643245,8223796,1564467,1547425,5780462,1308435,3218660,4400635,3519275,815882,65478
2003:Q4,Bottom50,1223775,4116968,2283690,806240,92334,416624,65652,452428,2893193,1785612,1080455,27126
2004:Q1,Top1,14140304,14696198,2555654,545101,4024939,766166,3253292,3551046,555894,375852,33485,146557
2004:Q1,Next9,18247085,19808818,4992034,784391,3167299,5616107,1691460,3557527,1561733,1270004,176498,115231
2004:Q1,Next40,17815515,22320046,8620603,1589868,1582083,5880802,1320598,3326093,4504532,3624912,811385,68235
2004:Q1,Bottom50,1209885,4131541,2275544,818398,91869,419219,73463,453048,2921655,1818932,1075104,27619
2004:Q2,Top1,14268416,14844880,2633279,539395,4006270,766984,3440033,3458920,576465,390389,35288,150788
2004:Q2,Next9,18563189,20196774,5136427,816490,3115410,5745325,1831928,3551194,1633585,1330196,178841,124548
2004:Q2,Next40,18000160,22649799,8878012,1613045,1542017,5965690,1345864,3305171,4649639,3761025,818175,70439
2004:Q2,Bottom50,1275172,4264093,2401806,826181,86474,421513,81721,446398,2988922,1878630,1082235,28057
2004:Q3,Top1,14741904,15328335,2736436,546242,4061104,788471,3626706,3569375,586430,403816,36632,145982
2004:Q3,Next9,19106231,20771981,5384059,822375,3101011,5857625,1980869,3626042,1665750,1365777,183574,116399
2004:Q3,Next40,18212297,23005552,9146309,1628269,1507640,6023240,1372271,3327823,4793255,3894920,838176,60159
2004:Q3,Bottom50,1303105,4374674,2506271,830951,81799,420785,88829,446038,3071569,1940891,1106493,24185
2004:Q4,Top1,15553658,16132543,2826045,549984,4453054,877784,3808715,3616961,578885,407995,34605,136285
2004:Q4,Next9,19772545,21552029,5583621,841275,3361177,6072275,2034594,3659088,1779484,1438827,188685,151972
2004:Q4,Next40,18977816,23876984,9478360,1650137,1578480,6185282,1407397,3577328,4899168,3960264,860493,78411
2004:Q4,Bottom50,1330698,4552174,2601852,856775,88305,444411,89309,471523,3221476,2052061,1136336,33079
2005:Q1,Top1,15892872,16470214,2915331,554259,4467054,942996,3966354,3624219,577342,410297,39789,127256
2005:Q1,Next9,20119219,21910931,5800966,848788,3380266,6102079,2026467,3752366,1791712,1453568,186554,151590
2005:Q1,Next40,19196969,24152244,9782726,1671733,1565366,6193820,1458135,3480464,4955275,4034147,846065,75063
2005:Q1,Bottom50,1303398,4661919,2681809,880305,89498,445696,85469,479142,3358521,2191009,1132566,34946
2005:Q2,Top1,16489256,17073982,2994612,568455,4626577,1019136,4180041,3685162,584726,415170,40207,129349
2005:Q2,Next9,20623774,22490573,6071854,846325,3493118,6204482,2066839,3807955,1866798,1526445,188920,151433
2005:Q2,Next40,19626427,24669564,10030663,1694970,1583767,6266365,1518021,3575778,5043137,4113158,854410,75569
2005:Q2,Bottom50,1294145,4806414,2779233,908543,92775,454473,82100,489289,3512269,2324927,1148852,38490
2005:Q3,Top1,17042116,17628996,3068405,567612,4913252,1098739,4403605,3577383,586880,420076,39928,126876
2005:Q3,Next9,21139530,23079684,6318065,859577,3684417,6322910,2114882,3779832,1940154,1600071,192817,147266
2005:Q3,Next40,20092782,25231383,10330091,1705368,1624679,6349741,1578855,3642649,5138601,4193989,870930,73682
2005:Q3,Bottom50,1327851,5007109,2935844,925351,97789,468028,78822,501275,3679258,2463858,1174710,40690
2005:Q4,Top1,17516224,18107634,3143995,566651,5013593,1181226,4570532,3631637,591410,423846,38434,129130
2005:Q4,Next9,21624194,23632668,6528767,874219,3755911,6432421,2206540,3834810,2008474,1680711,196824,130939
2005:Q4,Next40,20623898,25834085,10626189,1720317,1623543,6423283,1612991,3827763,5210187,4255882,887434,66871
2005:Q4,Bottom50,1367663,5186856,3057917,945040,100194,479087,80016,524602,3819192,2579960,1197863,41369
2006:Q1,Top1,18397312,18993821,3113248,581450,5703492,1266065,4599892,3729674,596509,428962,38023,129524
2006:Q1,Next9,22456767,24576284,6650652,870012,4200508,6529713,2301402,4023996,2119518,1776576,198694,144248
2006:Q1,Next40,20563366,25860299,10540138,1737961,1741415,6503928,1602442,3734415,5296933,4328345,892704,75884
2006:Q1,Bottom50,1377691,5339713,3149088,971433,110695,495480,86658,526360,3962023,2705658,1208164,48201
2006:Q2,Top1,18282897,18888429,3133295,578719,5514460,1343836,4570649,3747470,605532,433567,40471,131494
2006:Q2,Next9,22659053,24850831,6758672,884310,4095348,6536875,2466101,4109525,2191777,1849626,198989,143162
2006:Q2,Next40,20464710,25842965,10660646,1754747,1686673,6511362,1555228,3674310,5378255,4409887,891958,76410
2006:Q2,Bottom50,1347727,5472318,3242161,991566,109308,500076,100005,529201,4124591,2853569,1218194,52828
2006:Q3,Top1,18593369,19200252,3133591,576989,5721324,1417156,4617890,3733303,606883,435660,41990,129233
2006:Q3,Next9,23088244,25352440,6839199,902313,4238645,6641646,2619853,4110784,2264196,1909458,202326,152412
2006:Q3,Next40,20741889,26199965,10730626,1767689,1708968,6593987,1528033,3870662,5458075,4465348,910344,82383
2006:Q3,Bottom50,1347851,5639711,3343587,1011458,113296,517417,111027,542927,4291860,2976201,1256780,58879
2006:Q4,Top1,19110771,19715434,3105502,583495,6217490,1489029,4704233,3615685,604663,434809,41287,128567
2006:Q4,Next9,23578990,25922949,6919154,907223,4565528,6792569,2657266,4081210,2343959,1958278,205764,179917
2006:Q4,Next40,21071952,26585405,10681860,1776418,1789018,6719261,1549370,4069478,5513453,4486304,926066,101083
2006:Q4,Bottom50,1385894,5800872,3435656,1031372,121216,536416,112371,563841,4414978,3060869,1283599,70510
2007:Q1,Top1,19615524,20217842,3030297,596014,6566773,1554743,4629606,3840408,602317,436254,43918,122145
2007:Q1,Next9,24293548,26706413,6935174,900561,4801974,6867184,2832198,4369322,2412866,2039559,203154,170153
2007:Q1,Next40,20809680,26336006,10449473,1791868,1841518,6782503,1484063,3986582,5526327,4518766,912386,95175
2007:Q1,Bottom50,1410386,5909448,3483056,1056120,127172,541872,128521,572707,4499063,3147865,1280714,70484
2007:Q2,Top1,19682289,20273901,2979894,605094,6767088,1627038,4470930,3823857,591611,436491,43496,111624
2007:Q2,Next9,24761124,27268579,6934940,903304,4946484,7025220,3047112,4411520,2507455,2093968,206182,207305
2007:Q2,Next40,20655261,26248939,10311067,1803574,1866067,6916919,1389129,3962183,5593678,4554124,925077,114477
2007:Q2,Bottom50,1378797,6014133,3517552,1079344,131169,560636,149099,576333,4635336,3252710,1302210,80416
2007:Q3,Top1,19893785,20490226,2940099,606865,6829919,1684473,4335092,4093779,596441,435807,44641,115993
2007:Q3,Next9,25272776,27805631,6877966,909722,5010818,7121470,3242286,4643368,2532855,2136605,210659,185591
2007:Q3,Next40,20738032,26381090,10208192,1812779,1871026,7000690,1306628,4181774,5643057,4586036,950260,106761
2007:Q3,Bottom50,1266340,6061651,3507251,1097991,133461,567605,167698,587645,4795311,3361003,1349993,84315
2007:Q4,Top1,19493298,20092978,2901087,607289,6430576,1657670,4188541,4307815,599680,438634,45762,115284
2007:Q4,Next9,25219743,27796864,6837015,917101,4791367,7155369,3304919,4791093,2577121,2160656,213249,203216
2007:Q4,Next40,20633123,26322592,9987019,1840172,1798523,7046835,1253667,4396375,5689469,4602230,968660,118579
2007:Q4,Bottom50,1152836,6048830,3476890,1109379,126008,555034,180277,601242,4895994,3423468,1381807,90719
2008:Q1,Top1,18882479,19488771,2774276,595823,5831352,1587560,3945638,4754121,606292,440516,50829,114947
2008:Q1,Next9,24848700,27471126,6695030,936263,4459651,7080907,3105414,5193861,2622425,2183622,209483,229320
2008:Q1,Next40,19878212,25574687,9543226,1871828,1708795,7017618,1267169,4166052,5696476,4604762,956872,134842
2008:Q1,Bottom50,1067007,6018541,3497772,1118570,116207,521674,173989,590329,4951533,3467687,1384824,99022
2008:Q2,Top1,18373926,18981829,2708585,579959,5558997,1570807,3743266,4820215,607903,441339,47981,118583
2008:Q2,Next9,24477034,27101643,6498540,961432,4310215,7132904,2940615,5257937,2624609,2237879,210775,175955
2008:Q2,Next40,19484055,25125113,9282349,1888052,1653513,7081784,1269530,3949884,5641058,4566019,965990,109049
2008:Q2,Bottom50,987772,5908724,3424689,1118365,110381,513041,168703,573544,4920951,3437635,1395707,87609
2008:Q3,Top1,17531603,18140641,2680505,572439,4744209,1499899,3558034,5085555,609038,437998,54259,116781
2008:Q3,Next9,23964298,26620306,6311763,971520,3801481,7069906,2990602,5475034,2656008,2193803,208732,253473
2008:Q3,Next40,18872467,24535187,9077662,1909953,1480888,6993710,1219325,3853649,5662720,4541688,964698,156334
2008:Q3,Bottom50,710838,5718948,3266123,1122857,96937,484511,176489,572030,5008109,3480378,1416124,111607
2008:Q4,Top1,15908516,16548385,2607045,560676,3564194,1350759,3284878,5180832,639868,433708,57548,148612
2008:Q4,Next9,22925470,25382404,6209355,967662,3050259,6908644,2823869,5422615,2456935,2158019,206667,92249
2008:Q4,Next40,18703956,24235865,8752587,1921018,1246911,6821890,1195498,4297961,5531909,4496107,959179,76623
2008:Q4,Bottom50,612613,5610950,3219472,1115901,78196,417803,171776,607803,4998337,3489424,1420395,88518
2009:Q1,Top1,15513603,16162257,2492045,550275,3111986,1312287,3069328,5626336,648654,431514,66503,150637
2009:Q1,Next9,22960723,25347442,6147500,970685,2745947,6887766,2735645,5859899,2386719,2124367,197740,64612
2009:Q1,Next40,17866435,23328557,8348567,1923548,1127714,6780509,1148526,3999694,5462123,4481105,920489,60529
2009:Q1,Bottom50,602524,5618768,3279969,1106773,69306,395495,172911,594315,5016244,3540041,1393410,82793
2009:Q2,Top1,15912638,16560796,2473468,542690,3896547,1394175,2952308,5301608,648158,430859,66985,150314
2009:Q2,Next9,22965722,25383450,5995698,986382,3291907,7066602,2348808,5694052,2417728,2150804,194741,72183
2009:Q2,Next40,18309211,23730488,8207592,1919947,1285517,7000346,1203620,4113466,5421278,4442302,907368,71608
2009:Q2,Bottom50,538638,5529991,3171901,1098955,78955,430667,150891,598622,4991352,3522848,1379779,88725
2009:Q3,Top1,16929752,17579011,2478326,532604,4696724,1457780,2895858,5517718,649258,427397,71602,150259
2009:Q3,Next9,23588744,25993453,5865182,1002989,3834380,7288260,2115231,5887411,2404708,2122998,192317,89393
2009:Q3,Next40,18457883,23849674,8143202,1909283,1434682,7239814,1240500,3882192,5391791,4403177,902820,85794
2009:Q3,Bottom50,401385,5426331,3066118,1086033,87988,464635,138003,583554,5024947,3535793,1391972,97182
2009:Q4,Top1,16677954,17323569,2480451,535776,4857225,1469243,2871091,5109783,645615,425388,74174,146053
2009:Q4,Next9,23307922,25731586,5833773,1008487,3950128,7411223,2075411,5452564,2423664,2125929,189816,107919
2009:Q4,Next40,19279942,24638887,8041046,1923908,1450080,7359276,1240377,4624200,5358945,4362214,895868,100863
2009:Q4,Bottom50,376133,5402685,2996932,1091850,87982,477348,138230,610343,5026552,3527593,1395159,103800
2010:Q1,Top1,17351502,18008615,2507670,529619,5193972,1482202,2895665,5399487,657113,420698,78051,158364
2010:Q1,Next9,24028494,26458972,5797827,1016794,4179804,7630565,2052711,5781271,2430478,2115249,182662,132567
2010:Q1,Next40,19090402,24379017,8031277,1921028,1497751,7540842,1242817,4145302,5288616,4290921,864445,133250
2010:Q1,Bottom50,329601,5307956,2923472,1083262,90209,487696,142590,580727,4978354,3483832,1367898,126624
2010:Q2,Top1,17129025,17784396,2529351,517538,4698929,1447478,2998830,5592270,655371,418860,78286,158225
2010:Q2,Next9,23959321,26419666,5774554,1018991,3865465,7655343,2239210,5866104,2460346,2134581,180519,145246
2010:Q2,Next40,18845461,24087136,8000435,1922510,1384400,7530341,1222420,4027029,5241675,4239976,856757,144942
2010:Q2,Bottom50,256293,5201347,2858582,1071769,81573,459433,159696,570294,4945054,3449658,1362891,132505
2010:Q3,Top1,17855640,18503853,2485478,511332,5357001,1492520,3089812,5567710,648213,415816,80595,151802
2010:Q3,Next9,24716606,27177054,5780866,1030830,4307343,7956208,2283358,5818448,2460448,2129682,179809,150957
2010:Q3,Next40,19222997,24421137,7828659,1916303,1494622,7802530,1228101,4150921,5198140,4189457,860656,148027
2010:Q3,Bottom50,343595,5287938,2918850,1061815,87906,484089,168315,566963,4944343,3429736,1382666,131941
2010:Q4,Top1,17930585,18561850,2472571,536294,5869586,1511857,2847954,5323589,631265,409703,72674,148888
2010:Q4,Next9,24669471,27144820,5727102,1020060,4625568,8219215,1979657,5573218,2475349,2098541,192490,184318
2010:Q4,Next40,20049542,25286992,7704933,1912625,1610893,8065407,1293859,4699275,5237450,4157287,921188,158975
2010:Q4,Bottom50,310176,5238064,2860726,1066463,94709,504274,115815,596077,4927888,3326715,1460460,140713
2011:Q1,Top1,18690724,19317187,2481717,554208,6325405,1525672,2918037,5512147,626462,409299,73044,144119
2011:Q1,Next9,25225236,27749352,5593800,1021139,4903757,8337008,2087023,5806626,2524116,2123385,190365,210366
2011:Q1,Next40,19868482,25108677,7641572,1918462,1716672,8223492,1270466,4338013,5240195,4168341,907211,164643
2011:Q1,Bottom50,291305,5145097,2731909,1074431,100759,518219,124364,595415,4853792,3250720,1457750,145322
2011:Q2,Top1,18921647,19541802,2528798,578786,6297268,1522775,2976065,5638109,620154,407220,69454,143480
2011:Q2,Next9,25292764,27817639,5546615,1010752,4873374,8380448,2121203,5885247,2524875,2120234,193714,210927
2011:Q2,Next40,20071005,25318871,7660145,1931930,1734206,8310051,1267833,4414707,5247866,4175575,916942,155349
2011:Q2,Bottom50,228930,5031007,2598675,1087582,100802,517770,123845,602333,4802077,3185672,1473028,143377
2011:Q3,Top1,18312479,18937636,2488901,575218,5246335,1467238,3068256,6091687,625156,405660,67460,152036
2011:Q3,Next9,24657404,27156434,5526110,1023592,4187961,8187991,2090018,6140763,2499030,2123993,197274,177763
2011:Q3,Next40,19612477,24865092,7554654,1943738,1557655,8171160,1290894,4346991,5252615,4185227,932186,135202
2011:Q3,Bottom50,302298,5071378,2683367,1088082,87957,479850,117737,614385,4769080,3119703,1505394,143983
2011:Q4,Top1,18520336,19145320,2466327,598698,5606099,1476968,3138530,5858698,624984,403845,64193,156946
2011:Q4,Next9,24921035,27408222,5519435,1015993,4407388,8352208,2205225,5907973,2487187,2117499,202200,167488
2011:Q4,Next40,20262081,25540084,7429980,1938771,1648791,8365145,1268850,4888547,5278003,4199258,951913,126832
2011:Q4,Bottom50,395344,5148154,2690616,1091236,92915,502958,122339,648091,4752811,3064905,1538087,149819
2012:Q1,Top1,19461129,20080281,2484800,631381,6407134,1509371,3164016,5883580,619153,402840,62411,153902
2012:Q1,Next9,25822264,28360263,5484018,1002638,4902083,8596579,2328445,6046500,2537999,2144810,201409,191780
2012:Q1,Next40,20326706,25600082,7369658,1942137,1820761,8632215,1232630,4602681,5273376,4197961,942878,132537
2012:Q1,Bottom50,438821,5102594,2592899,1102885,103310,533094,126953,643454,4663774,2971672,1538572,153530
2012:Q2,Top1,19590191,20208909,2548265,639269,6176596,1491860,3258132,6094787,618718,400733,58069,159916
2012:Q2,Next9,25790386,28316109,5500819,1005475,4742794,8563256,2339850,6163914,2525723,2143337,206077,176309
2012:Q2,Next40,20277273,25558648,7503810,1942612,1800120,8649203,1251570,4411332,5281375,4203181,960024,118170
2012:Q2,Bottom50,418009,5040813,2560010,1101738,100831,524542,120510,633183,4622805,2902481,1566510,153814
2012:Q3,Top1,20266118,20879937,2587207,654311,6604046,1505802,3410659,6117912,613819,398125,56755,158939
2012:Q3,Next9,26333980,28856504,5577591,1006434,4998174,8705671,2450759,6117875,2522524,2118333,210590,193601
2012:Q3,Next40,20879075,26198801,7586777,1938131,1903686,8828254,1262022,4679932,5319726,4220646,979163,119917
2012:Q3,Bottom50,491570,5116037,2602305,1101858,106555,540668,119740,644911,4624467,2860575,1604229,159663
2012:Q4,Top1,20635457,21238180,2631253,669155,6650166,1513320,3523501,6250785,602723,397799,47498,157426
2012:Q4,Next9,26529379,29095956,5637158,1006082,5012602,8752033,2510342,6177739,2566577,2158036,217649,190892
2012:Q4,Next40,21190224,26531908,7666502,1944847,1935577,8924219,1271371,4789391,5341684,4218649,1007069,115966
2012:Q4,Bottom50,580324,5146349,2612481,1107402,107528,540713,115902,662323,4566025,2762593,1641013,162419
2013:Q1,Top1,21662472,22271084,2751382,696616,7540686,1520200,3624092,6138109,608612,392553,55816,160243
2013:Q1,Next9,27635626,30110234,5749984,996983,5550743,9110502,2591794,6110228,2474609,2063280,215657,195672
2013:Q1,Next40,21902708,27261506,7919104,1943206,2123211,9250285,1266076,4759625,5358798,4255864,994290,108644
2013:Q1,Bottom50,536560,5129014,2551281,1114149,118858,562928,114275,667523,4592454,2776385,1648376,167693
2013:Q2,Top1,21974570,22579847,2843772,709619,7645608,1505886,3771049,6103913,605278,391231,50614,163433
2013:Q2,Next9,28218199,30696802,5881797,996434,5600944,9324485,2756285,6136857,2478603,2062287,221090,195226
2013:Q2,Next40,21991722,27381642,8149309,1937483,2168082,9449843,1248645,4428280,5389920,4274074,1013067,102779
2013:Q2,Bottom50,583825,5156009,2581399,1112107,120578,564991,117277,659656,4572184,2722331,1675778,174075
2013:Q3,Top1,22624959,23227461,2931936,717785,8091634,1525053,3934549,6026504,602502,391546,47980,162976
2013:Q3,Next9,28976590,31477243,6003588,1007020,5858811,9655609,2942733,6009481,2500652,2073098,226351,201203
2013:Q3,Next40,22860722,28304071,8396044,1933379,2273325,9758346,1227290,4715686,5443349,4308148,1036437,98764
2013:Q3,Bottom50,675153,5252584,2638602,1110752,126394,577574,120843,678418,4577431,2683491,1719950,173990
2013:Q4,Top1,23186972,23785289,2997438,729105,8625889,1559658,4120486,5752713,598318,397742,49691,150885
2013:Q4,Next9,29619619,32198966,6105989,1002755,6167181,10083171,2994322,5845549,2579348,2060102,233684,285562
2013:Q4,Next40,23563849,29109010,8589345,1938976,2347703,10034467,1226905,4971613,5545161,4331727,1065737,147697
2013:Q4,Bottom50,709535,5296393,2631040,1108737,131562,597705,126378,700972,4586858,2647491,1741812,197555
2014:Q1,Top1,24021318,24633441,3060959,741406,9128998,1593761,4179710,5928607,612123,403740,55673,152710
2014:Q1,Next9,30322070,32902527,6215774,987064,6457594,10205307,2948395,6088394,2580457,2058854,234941,286662
2014:Q1,Next40,23683531,29244994,8749058,1949364,2417560,10087639,1215663,4825709,5561463,4341635,1067454,152374
2014:Q1,Bottom50,742062,5269956,2599620,1107176,136390,597662,128599,700509,4527893,2590207,1739287,198399
2014:Q2,Top1,24699953,25318072,3106557,750554,9699101,1626190,4258524,5877146,618119,410682,55170,152267
2014:Q2,Next9,30995195,33608556,6360403,984457,6788715,10389303,2999218,6086460,2613361,2065256,243330,304775
2014:Q2,Next40,24024133,29652574,8908234,1964769,2498831,10186880,1194440,4899421,5628441,4360131,1101392,166918
2014:Q2,Bottom50,845712,5356614,2653520,1109583,142015,607828,135829,707838,4510901,2541291,1764650,204960
2014:Q3,Top1,24948211,25587567,3170868,761795,9521119,1637171,4479839,6016775,639355,418186,58259,162910
2014:Q3,Next9,31308936,33874536,6499446,975975,6665825,10441240,3003717,6288334,2565600,2071709,250382,243509
2014:Q3,Next40,23995312,29656952,9089942,1986747,2450253,10170606,1228702,4730703,5661640,4387475,1134186,139979
2014:Q3,Bottom50,855226,5353500,2657225,1115328,138790,602696,135692,703769,4498274,2503703,1800733,193838
2014:Q4,Top1,25586736,26238403,3228065,777320,9903325,1654193,4681574,5993926,651667,425519,59145,167003
2014:Q4,Next9,31808550,34365166,6603162,963063,6883870,10600289,3081397,6233385,2556616,2070639,258472,227505
2014:Q4,Next40,24604495,30327505,9231300,2000522,2499624,10238094,1241279,5116686,5723010,4418076,1167272,137662
2014:Q4,Bottom50,862857,5356975,2624288,1118421,142236,610252,140820,720959,4494118,2473009,1827004,194105
2015:Q1,Top1,26315391,26985969,3291175,788081,10249443,1693495,4813663,6150111,670578,431282,66940,172356
2015:Q1,Next9,32609139,35139827,6721425,953895,7081242,10726594,3202550,6454121,2530688,2057702,257521,215465
2015:Q1,Next40,24768079,30497667,9402399,2020994,2544081,10292956,1216767,5020470,5729587,4433773,1158140,137674
2015:Q1,Bottom50,923824,5361854,2607594,1123086,145296,607803,151574,726501,4438030,2428690,1813688,195652
2015:Q2,Top1,26593444,27276623,3356551,800631,10313904,1717155,4976842,6111541,683179,439508,68230,175441
2015:Q2,Next9,32870109,35412029,6876849,950021,7107030,10795776,3192074,6490279,2541920,2055030,265965,220925
2015:Q2,Next40,24744076,30562507,9591580,2056428,2538977,10293034,1237994,4844493,5818431,4478252,1193159,147020
2015:Q2,Bottom50,924611,5383119,2622433,1137882,145028,601074,151965,724737,4458509,2415060,1843051,200398
2015:Q3,Top1,26137446,26845099,3402432,791941,9451769,1734063,5130291,6334603,707653,448122,71789,187742
2015:Q3,Next9,32548865,35050485,6995746,959102,6566087,10664241,3179751,6685558,2501619,2060015,273252,168352
2015:Q3,Next40,24566845,30443447,9786483,2084143,2369727,10135021,1259484,4808590,5876602,4522492,1227179,126931
2015:Q3,Bottom50,936327,5410239,2693628,1139158,133765,571139,152199,720351,4473912,2398643,1881844,193425
2015:Q4,Top1,26548290,27276215,3454648,798195,9875936,1762054,5268714,6116668,727925,457736,78208,191981
2015:Q4,Next9,32799346,35313906,7087907,964559,6811429,10851713,3146518,6451780,2514560,2077525,270264,166771
2015:Q4,Next40,25344942,31259039,9966257,2101173,2427824,10230242,1280806,5252738,5914098,4572451,1202585,139062
2015:Q4,Bottom50,1051966,5475613,2708942,1143107,137804,586829,151426,747506,4423647,2385152,1839572,198923
2016:Q1,Top1,27134982,27885832,3509413,810972,10083604,1801726,5340062,6340055,750850,464343,85220,201287
2016:Q1,Next9,33275817,35756358,7195671,959797,6923985,10965758,2958645,6752502,2480540,2062560,270813,147167
2016:Q1,Next40,25487070,31427512,10113476,2132655,2447205,10270456,1353281,5110438,5940442,4600507,1202713,137222
2016:Q1,Bottom50,1069619,5460764,2690219,1155906,139270,585623,138053,751693,4391145,2355684,1840081,195380
2016:Q2,Top1,27736776,28504527,3601674,830578,10405200,1836208,5440073,6390795,767752,473218,87182,207352
2016:Q2,Next9,33900090,36388185,7395616,943552,7108521,11107540,2936638,6896319,2488095,2060095,278329,149671
2016:Q2,Next40,25637201,31666997,10349874,2157945,2489506,10332253,1399126,4938294,6029796,4652218,1233448,144130
2016:Q2,Bottom50,1048740,5456881,2676882,1166828,142157,587299,134675,749040,4408141,2349561,1866144,192436
2016:Q3,Top1,28233890,29019339,3640224,822487,10757303,1871527,5542096,6385702,785449,483092,90879,211478
2016:Q3,Next9,34533037,37048018,7523450,962722,7311861,11301155,3019234,6929596,2514981,2070719,285504,158758
2016:Q3,Next40,26084979,32217475,10565106,2171929,2537407,10432949,1415488,5094596,6132496,4709269,1267215,156012
2016:Q3,Bottom50,1156114,5597913,2800519,1164098,145413,593762,138998,755123,4441798,2345712,1906233,189853
2016:Q4,Top1,28168537,28946984,3712887,813795,10900458,1832397,5549019,6138429,778447,486037,86464,205946
2016:Q4,Next9,34607876,37138596,7623557,985540,7422376,11378053,3061026,6668044,2530720,2102771,287599,140350
2016:Q4,Next40,26729605,32906953,10787961,2182847,2555321,10484334,1446011,5450478,6177347,4731894,1295740,149713
2016:Q4,Bottom50,1178697,5663208,2823470,1171966,145192,609416,139822,773342,4484511,2338118,1950957,195436
2017:Q1,Top1,29080196,29856652,3800218,816121,11584640,1826666,5620295,6208712,776457,489016,87447,199994
2017:Q1,Next9,35584716,38145421,7742461,1004347,7861169,11619922,3073356,6844166,2560705,2140967,281364,138374
2017:Q1,Next40,27239796,33426772,11019269,2204936,2664476,10676092,1458857,5403143,6186976,4751126,1286024,149826
2017:Q1,Bottom50,1229981,5717623,2810955,1191178,151147,637776,141921,784645,4487641,2325218,1960335,202088
2017:Q2,Top1,29562215,30329718,3841555,807977,11963967,1821795,5741978,6152446,767503,492716,83209,191578
2017:Q2,Next9,36284887,38895305,7919320,1021231,8113578,11797314,3221939,6821922,2610418,2182355,282216,145847
2017:Q2,Next40,27528348,33778232,11179763,2209037,2719194,10817235,1461925,5391078,6249884,4778344,1308508,163032
2017:Q2,Bottom50,1340636,5875222,2936099,1194506,153439,655653,151181,784344,4534586,2320558,1997476,216552
2017:Q3,Top1,30091819,30856381,3906927,799183,12394906,1806860,5838909,6109597,764562,496914,81760,185888
2017:Q3,Next9,37014613,39660674,8065241,1042466,8399756,12005291,3318181,6829739,2646061,2226209,281451,138401
2017:Q3,Next40,28028437,34328017,11400706,2213456,2784982,10981805,1474445,5472623,6299579,4810846,1327339,161394
2017:Q3,Bottom50,1407405,5992046,3013012,1198682,156309,677959,157114,788970,4584641,2321175,2040971,222495
2017:Q4,Top1,30952615,31704041,3971437,792296,13124176,1782894,5956840,6076397,751426,500766,77116,173544
2017:Q4,Next9,37919361,40631961,8162296,1072013,8865095,12242276,3477585,6812696,2712600,2264245,283885,164470
2017:Q4,Next40,28736692,35118422,11615224,2227069,2898553,11164407,1477574,5735595,6381730,4841953,1359745,180032
2017:Q4,Bottom50,1462629,6113336,3056584,1210734,162440,709371,166816,807391,4650707,2321697,2092300,236710
2018:Q1,Top1,31185394,31934669,3987217,785521,13071894,1766618,6028999,6294420,749275,503632,77992,167651
2018:Q1,Next9,38284885,41034164,8273365,1091660,8856806,12262955,3431926,7117452,2749280,2306887,276817,165576
2018:Q1,Next40,28736875,35124418,11679181,2252823,2879444,11182388,1518016,5612566,6387543,4856299,1345284,185960
2018:Q1,Bottom50,1569662,6214394,3139922,1226710,159614,710816,163533,813799,4644731,2302470,2094816,247445
2018:Q2,Top1,31508153,32247918,4038410,780918,13260259,1741854,6106268,6320209,739765,508006,73980,157779
2018:Q2,Next9,38966542,41756559,8440319,1116101,8992158,12397275,3646206,7164500,2790018,2354128,276440,159450
2018:Q2,Next40,29029048,35475726,11860957,2274988,2897840,11280213,1507923,5653806,6446678,4888674,1362742,195262
2018:Q2,Bottom50,1668399,6361773,3243982,1243329,159401,729644,176577,808840,4693373,2301985,2126537,264851
2018:Q3,Top1,32210926,32946782,4100234,780428,13838578,1695199,6164614,6367728,735856,512741,71282,151833
2018:Q3,Next9,39661620,42495733,8568744,1140570,9365767,12624983,3556492,7239177,2834114,2398606,277831,157677
2018:Q3,Next40,29555124,36073180,12056433,2289008,2983942,11446006,1560351,5737440,6518056,4927631,1393658,196767
2018:Q3,Bottom50,1692245,6457574,3298034,1258249,163575,765599,170155,801961,4765329,2309328,2184363,271638
2018:Q4,Top1,30440030,31170949,4160866,749503,11747744,1704189,6196490,6612157,730919,516224,66792,147903
2018:Q4,Next9,38287555,41131417,8630725,1169994,8121244,12199066,3580957,7429431,2843862,2432409,279158,132295
2018:Q4,Next40,29140217,35715554,12262841,2331406,2623122,11131370,1592437,5774378,6575338,4955607,1421587,198144
2018:Q4,Bottom50,1602246,6429041,3326893,1270757,137882,708550,170341,814618,4826796,2307302,2230610,288884
2019:Q1,Top1,32665757,33402320,4304963,771187,13800425,1673529,6258798,6593417,736562,518321,68324,149917
2019:Q1,Next9,40434612,43281205,8824742,1175459,9389090,12676189,3710127,7505598,2846593,2453696,272768,120129
2019:Q1,Next40,30464357,37035384,12600799,2346358,2953883,11496059,1587881,6050404,6571028,4971944,1410220,188864
2019:Q1,Bottom50,1669074,6486763,3254486,1294974,158330,767823,179432,831719,4817689,2295774,2237199,284716
2019:Q2,Top1,33178141,33912634,4332441,772771,14117900,1645634,6343016,6700872,734493,522415,65178,146900
2019:Q2,Next9,41319389,44202825,8972829,1195300,9608633,12890532,3933945,7601587,2883436,2482185,272660,128591
2019:Q2,Next40,30860517,37503480,12694024,2371195,3000000,11665189,1573966,6199107,6642963,5011510,1429928,201525
2019:Q2,Bottom50,1755365,6633775,3347241,1315694,159524,790605,193689,827022,4878410,2307541,2273182,297687
2019:Q3,Top1,33295446,34033758,4315021,752128,14168416,1610110,6407041,6781042,738312,526977,63518,147817
2019:Q3,Next9,41789273,44706422,9037048,1238479,9673323,12996443,4068380,7692749,2917149,2520873,272852,123424
2019:Q3,Next40,31049757,37756871,12744583,2393166,3009860,11759011,1581140,6269111,6707114,5051069,1455299,200746
2019:Q3,Bottom50,1880687,6822979,3515601,1327116,157922,800395,202042,819903,4942292,2316504,2325795,299993
2019:Q4,Top1,34708925,35445481,4336129,758893,15319679,1575200,6533109,6922470,736556,530042,61293,145221
2019:Q4,Next9,43007842,45964049,9122774,1256954,10372040,13322316,3969755,7920209,2956207,2544087,277461,134659
2019:Q4,Next40,31803654,38573672,12858578,2397708,3208662,12008610,1631696,6468418,6770018,5076470,1481837,211711
2019:Q4,Bottom50,1999730,7000965,3610893,1336569,170814,838339,193866,850484,5001235,2333052,2360094,308089
2020:Q1,Top1,31378894,32125005,4376543,732867,11643093,1599091,6587058,7186352,746111,532856,66232,147023
2020:Q1,Next9,40354829,43339825,9233966,1266668,8167673,12638986,3989185,8043347,2984996,2566297,272749,145950
2020:Q1,Next40,31031111,37818325,13016997,2449755,2628964,11527212,1644993,6550404,6787214,5098901,1459001,229312
2020:Q1,Bottom50,1954317,6969928,3694244,1348894,131033,732092,194576,869089,5015610,2346465,2342042,327103
2020:Q2,Top1,34686907,35436320,4453173,755623,14532699,1563630,6706176,7425018,749412,536580,69114,143718
2020:Q2,Next9,43283989,46299644,9361918,1274284,9924677,13305164,3990397,8443204,3015656,2592749,268605,154302
2020:Q2,Next40,32669377,39469223,13247360,2433692,3120403,12044127,1685387,6938254,6799845,5131250,1436357,232238
2020:Q2,Bottom50,2154196,7164628,3723971,1354649,163071,814131,191572,917234,5010432,2369319,2315678,325435
2020:Q3,Top1,36176500,36924134,4484124,785023,15855885,1541225,6899995,7357882,747634,543190,70161,134283
2020:Q3,Next9,44515428,47631719,9526345,1318016,10714443,13657183,3914148,8501584,3116291,2643493,270771,202027
2020:Q3,Next40,33468602,40357684,13375576,2530537,3334954,12303628,1758384,7054605,6889082,5188410,1451691,248981
2020:Q3,Bottom50,2358181,7438624,3846304,1431157,177533,855759,181691,946179,5080443,2412422,2343601,324420
